id,title,quantity,unit,listing_type,price,expiry_date,created_at,status,minimum_quantity,requires_verification,city,time_to_expiry,expired,is_donation,has_price,has_min_quantity
23,Surplus Restaurant Meals,70.00,units,COMMERCIAL,19.00,2024-12-13 12:08:05.323359+00:00,2025-04-29 06:47:55.323359+00:00,EXPIRED,2.00,False,Waterford,-136.77766203703703,True,False,True,True
30,Analytics Listing 1 2025-04-29,62.00,kg,COMMERCIAL,20.00,2025-05-06 00:00:00+00:00,2025-04-29 00:00:00+00:00,ACTIVE,1.00,False,Dublin,7.0,False,False,True,True
29,Analytics Listing 0 2025-04-29,28.00,kg,COMMERCIAL,24.00,2025-05-06 00:00:00+00:00,2025-04-29 00:00:00+00:00,ACTIVE,1.00,False,Dublin,7.0,False,False,True,True
27,Today's Listing 1,72.00,portions,COMMERCIAL,42.00,2025-05-18 12:08:05.326866+00:00,2025-04-29 00:00:00+00:00,ACTIVE,1.00,False,Cork,19.50561720909722,False,False,True,True
28,Today's Listing 2,85.00,pallets,COMMERCIAL,23.00,2025-05-25 12:08:05.345485+00:00,2025-04-29 00:00:00+00:00,ACTIVE,1.00,False,Cork,26.505617424594906,False,False,True,True
32,Analytics Listing 1 2025-04-28,34.00,kg,COMMERCIAL,16.00,2025-05-05 00:00:00+00:00,2025-04-28 00:00:00+00:00,ACTIVE,1.00,False,Dublin,7.0,False,False,True,True
31,Analytics Listing 0 2025-04-28,39.00,kg,COMMERCIAL,16.00,2025-05-05 00:00:00+00:00,2025-04-28 00:00:00+00:00,ACTIVE,1.00,False,Dublin,7.0,False,False,True,True
34,Analytics Listing 1 2025-04-27,98.00,kg,COMMERCIAL,28.00,2025-05-04 00:00:00+00:00,2025-04-27 00:00:00+00:00,ACTIVE,1.00,False,Dublin,7.0,False,False,True,True
25,Grocery Store Excess,38.00,boxes,NONPROFIT_ONLY,,2025-05-06 12:08:05.325360+00:00,2025-04-26 17:00:26.325360+00:00,ACTIVE,2.00,True,Waterford,9.796979166666667,False,True,False,True
36,Analytics Listing 1 2025-04-26,81.00,kg,COMMERCIAL,30.00,2025-05-03 00:00:00+00:00,2025-04-26 00:00:00+00:00,ACTIVE,1.00,False,Dublin,7.0,False,False,True,True
35,Analytics Listing 0 2025-04-26,46.00,kg,COMMERCIAL,36.00,2025-05-03 00:00:00+00:00,2025-04-26 00:00:00+00:00,ACTIVE,1.00,False,Dublin,7.0,False,False,True,True
37,Analytics Listing 0 2025-04-25,49.00,kg,COMMERCIAL,26.00,2025-05-02 00:00:00+00:00,2025-04-25 00:00:00+00:00,ACTIVE,1.00,False,Dublin,7.0,False,False,True,True
38,Analytics Listing 1 2025-04-25,21.00,kg,COMMERCIAL,14.00,2025-05-02 00:00:00+00:00,2025-04-25 00:00:00+00:00,ACTIVE,1.00,False,Dublin,7.0,False,False,True,True
40,Analytics Listing 1 2025-04-24,32.00,kg,COMMERCIAL,46.00,2025-05-01 00:00:00+00:00,2025-04-24 00:00:00+00:00,ACTIVE,1.00,False,Dublin,7.0,False,False,True,True
39,Analytics Listing 0 2025-04-24,32.00,kg,COMMERCIAL,37.00,2025-05-01 00:00:00+00:00,2025-04-24 00:00:00+00:00,ACTIVE,1.00,False,Dublin,7.0,False,False,True,True
42,Analytics Listing 1 2025-04-23,58.00,kg,COMMERCIAL,50.00,2025-04-30 00:00:00+00:00,2025-04-23 00:00:00+00:00,ACTIVE,1.00,False,Dublin,7.0,False,False,True,True
41,Analytics Listing 0 2025-04-23,32.00,kg,COMMERCIAL,41.00,2025-04-30 00:00:00+00:00,2025-04-23 00:00:00+00:00,ACTIVE,1.00,False,Dublin,7.0,False,False,True,True
44,Analytics Listing 1 2025-04-22,67.00,kg,COMMERCIAL,31.00,2025-04-29 00:00:00+00:00,2025-04-22 00:00:00+00:00,ACTIVE,1.00,False,Dublin,7.0,False,False,True,True
43,Analytics Listing 0 2025-04-22,23.00,kg,COMMERCIAL,23.00,2025-04-29 00:00:00+00:00,2025-04-22 00:00:00+00:00,ACTIVE,1.00,False,Dublin,7.0,False,False,True,True
45,Analytics Listing 0 2025-04-21,97.00,kg,COMMERCIAL,15.00,2025-04-28 00:00:00+00:00,2025-04-21 00:00:00+00:00,ACTIVE,1.00,False,Dublin,7.0,False,False,True,True
46,Analytics Listing 1 2025-04-21,65.00,kg,COMMERCIAL,35.00,2025-04-28 00:00:00+00:00,2025-04-21 00:00:00+00:00,ACTIVE,1.00,False,Dublin,7.0,False,False,True,True
48,Analytics Listing 1 2025-04-20,26.00,kg,COMMERCIAL,49.00,2025-04-27 00:00:00+00:00,2025-04-20 00:00:00+00:00,ACTIVE,1.00,False,Dublin,7.0,False,False,True,True
47,Analytics Listing 0 2025-04-20,23.00,kg,COMMERCIAL,20.00,2025-04-27 00:00:00+00:00,2025-04-20 00:00:00+00:00,ACTIVE,1.00,False,Dublin,7.0,False,False,True,True
49,Analytics Listing 0 2025-04-19,35.00,kg,COMMERCIAL,50.00,2025-04-26 00:00:00+00:00,2025-04-19 00:00:00+00:00,ACTIVE,1.00,False,Dublin,7.0,False,False,True,True
50,Analytics Listing 1 2025-04-19,91.00,kg,COMMERCIAL,14.00,2025-04-26 00:00:00+00:00,2025-04-19 00:00:00+00:00,ACTIVE,1.00,False,Dublin,7.0,False,False,True,True
51,Analytics Listing 0 2025-04-18,56.00,kg,COMMERCIAL,26.00,2025-04-25 00:00:00+00:00,2025-04-18 00:00:00+00:00,ACTIVE,1.00,False,Dublin,7.0,False,False,True,True
52,Analytics Listing 1 2025-04-18,56.00,kg,COMMERCIAL,48.00,2025-04-25 00:00:00+00:00,2025-04-18 00:00:00+00:00,ACTIVE,1.00,False,Dublin,7.0,False,False,True,True
54,Analytics Listing 1 2025-04-17,46.00,kg,COMMERCIAL,12.00,2025-04-24 00:00:00+00:00,2025-04-17 00:00:00+00:00,ACTIVE,1.00,False,Dublin,7.0,False,False,True,True
53,Analytics Listing 0 2025-04-17,86.00,kg,COMMERCIAL,28.00,2025-04-24 00:00:00+00:00,2025-04-17 00:00:00+00:00,ACTIVE,1.00,False,Dublin,7.0,False,False,True,True
24,Fresh Bakery Items,53.00,packages,DONATION,,2025-05-02 12:08:05.324360+00:00,2025-04-16 04:44:29.324360+00:00,ACTIVE,4.00,False,Limerick,16.308055555555555,False,True,False,True
56,Analytics Listing 1 2025-04-16,34.00,kg,COMMERCIAL,48.00,2025-04-23 00:00:00+00:00,2025-04-16 00:00:00+00:00,ACTIVE,1.00,False,Dublin,7.0,False,False,True,True
55,Analytics Listing 0 2025-04-16,77.00,kg,COMMERCIAL,41.00,2025-04-23 00:00:00+00:00,2025-04-16 00:00:00+00:00,ACTIVE,1.00,False,Dublin,7.0,False,False,True,True
57,Analytics Listing 0 2025-04-15,69.00,kg,COMMERCIAL,36.00,2025-04-22 00:00:00+00:00,2025-04-15 00:00:00+00:00,ACTIVE,1.00,False,Dublin,7.0,False,False,True,True
58,Analytics Listing 1 2025-04-15,60.00,kg,COMMERCIAL,44.00,2025-04-22 00:00:00+00:00,2025-04-15 00:00:00+00:00,ACTIVE,1.00,False,Dublin,7.0,False,False,True,True
59,Analytics Listing 0 2025-04-14,98.00,kg,COMMERCIAL,48.00,2025-04-21 00:00:00+00:00,2025-04-14 00:00:00+00:00,ACTIVE,1.00,False,Dublin,7.0,False,False,True,True
60,Analytics Listing 1 2025-04-14,86.00,kg,COMMERCIAL,21.00,2025-04-21 00:00:00+00:00,2025-04-14 00:00:00+00:00,ACTIVE,1.00,False,Dublin,7.0,False,False,True,True
62,Analytics Listing 1 2025-04-13,31.00,kg,COMMERCIAL,11.00,2025-04-20 00:00:00+00:00,2025-04-13 00:00:00+00:00,ACTIVE,1.00,False,Dublin,7.0,False,False,True,True
61,Analytics Listing 0 2025-04-13,33.00,kg,COMMERCIAL,49.00,2025-04-20 00:00:00+00:00,2025-04-13 00:00:00+00:00,ACTIVE,1.00,False,Dublin,7.0,False,False,True,True
63,Analytics Listing 0 2025-04-12,43.00,kg,COMMERCIAL,36.00,2025-04-19 00:00:00+00:00,2025-04-12 00:00:00+00:00,ACTIVE,1.00,False,Dublin,7.0,False,False,True,True
64,Analytics Listing 1 2025-04-12,65.00,kg,COMMERCIAL,48.00,2025-04-19 00:00:00+00:00,2025-04-12 00:00:00+00:00,ACTIVE,1.00,False,Dublin,7.0,False,False,True,True
66,Analytics Listing 1 2025-04-11,50.00,kg,COMMERCIAL,30.00,2025-04-18 00:00:00+00:00,2025-04-11 00:00:00+00:00,ACTIVE,1.00,False,Dublin,7.0,False,False,True,True
65,Analytics Listing 0 2025-04-11,23.00,kg,COMMERCIAL,17.00,2025-04-18 00:00:00+00:00,2025-04-11 00:00:00+00:00,ACTIVE,1.00,False,Dublin,7.0,False,False,True,True
67,Analytics Listing 0 2025-04-10,66.00,kg,COMMERCIAL,46.00,2025-04-17 00:00:00+00:00,2025-04-10 00:00:00+00:00,ACTIVE,1.00,False,Dublin,7.0,False,False,True,True
68,Analytics Listing 1 2025-04-10,79.00,kg,COMMERCIAL,40.00,2025-04-17 00:00:00+00:00,2025-04-10 00:00:00+00:00,ACTIVE,1.00,False,Dublin,7.0,False,False,True,True
69,Analytics Listing 0 2025-04-09,73.00,kg,COMMERCIAL,28.00,2025-04-16 00:00:00+00:00,2025-04-09 00:00:00+00:00,ACTIVE,1.00,False,Dublin,7.0,False,False,True,True
70,Analytics Listing 1 2025-04-09,53.00,kg,COMMERCIAL,17.00,2025-04-16 00:00:00+00:00,2025-04-09 00:00:00+00:00,ACTIVE,1.00,False,Dublin,7.0,False,False,True,True
71,Analytics Listing 0 2025-04-08,57.00,kg,COMMERCIAL,49.00,2025-04-15 00:00:00+00:00,2025-04-08 00:00:00+00:00,ACTIVE,1.00,False,Dublin,7.0,False,False,True,True
72,Analytics Listing 1 2025-04-08,87.00,kg,COMMERCIAL,50.00,2025-04-15 00:00:00+00:00,2025-04-08 00:00:00+00:00,ACTIVE,1.00,False,Dublin,7.0,False,False,True,True
73,Analytics Listing 0 2025-04-07,56.00,kg,COMMERCIAL,28.00,2025-04-14 00:00:00+00:00,2025-04-07 00:00:00+00:00,ACTIVE,1.00,False,Dublin,7.0,False,False,True,True
74,Analytics Listing 1 2025-04-07,25.00,kg,COMMERCIAL,29.00,2025-04-14 00:00:00+00:00,2025-04-07 00:00:00+00:00,ACTIVE,1.00,False,Dublin,7.0,False,False,True,True
75,Analytics Listing 0 2025-04-06,65.00,kg,COMMERCIAL,32.00,2025-04-13 00:00:00+00:00,2025-04-06 00:00:00+00:00,ACTIVE,1.00,False,Dublin,7.0,False,False,True,True
76,Analytics Listing 1 2025-04-06,82.00,kg,COMMERCIAL,45.00,2025-04-13 00:00:00+00:00,2025-04-06 00:00:00+00:00,ACTIVE,1.00,False,Dublin,7.0,False,False,True,True
2,Grocery Store Excess,57.00,packages,DONATION,,2025-01-02 12:08:05.304099+00:00,2025-04-05 10:45:46.304099+00:00,EXPIRED,3.00,False,Galway,-92.94283564814815,True,True,False,True
77,Analytics Listing 0 2025-04-05,75.00,kg,COMMERCIAL,38.00,2025-04-12 00:00:00+00:00,2025-04-05 00:00:00+00:00,ACTIVE,1.00,False,Dublin,7.0,False,False,True,True
78,Analytics Listing 1 2025-04-05,28.00,kg,COMMERCIAL,36.00,2025-04-12 00:00:00+00:00,2025-04-05 00:00:00+00:00,ACTIVE,1.00,False,Dublin,7.0,False,False,True,True
21,Guaranteed Active Listing,41.00,packages,COMMERCIAL,34.00,2025-05-14 12:08:05.321353+00:00,2025-04-04 23:49:26.321353+00:00,ACTIVE,2.00,False,Galway,39.51295138888889,False,False,True,True
80,Analytics Listing 1 2025-04-04,11.00,kg,COMMERCIAL,39.00,2025-04-11 00:00:00+00:00,2025-04-04 00:00:00+00:00,ACTIVE,1.00,False,Dublin,7.0,False,False,True,True
79,Analytics Listing 0 2025-04-04,11.00,kg,COMMERCIAL,28.00,2025-04-11 00:00:00+00:00,2025-04-04 00:00:00+00:00,ACTIVE,1.00,False,Dublin,7.0,False,False,True,True
82,Analytics Listing 1 2025-04-03,64.00,kg,COMMERCIAL,36.00,2025-04-10 00:00:00+00:00,2025-04-03 00:00:00+00:00,ACTIVE,1.00,False,Dublin,7.0,False,False,True,True
81,Analytics Listing 0 2025-04-03,39.00,kg,COMMERCIAL,31.00,2025-04-10 00:00:00+00:00,2025-04-03 00:00:00+00:00,ACTIVE,1.00,False,Dublin,7.0,False,False,True,True
6,Guaranteed Active Listing,96.00,units,COMMERCIAL,38.00,2025-05-11 12:08:05.308343+00:00,2025-04-02 02:45:49.308343+00:00,ACTIVE,5.00,False,Limerick,39.390462962962964,False,False,True,True
83,Analytics Listing 0 2025-04-02,35.00,kg,COMMERCIAL,16.00,2025-04-09 00:00:00+00:00,2025-04-02 00:00:00+00:00,ACTIVE,1.00,False,Dublin,7.0,False,False,True,True
84,Analytics Listing 1 2025-04-02,21.00,kg,COMMERCIAL,32.00,2025-04-09 00:00:00+00:00,2025-04-02 00:00:00+00:00,ACTIVE,1.00,False,Dublin,7.0,False,False,True,True
86,Analytics Listing 1 2025-04-01,30.00,kg,COMMERCIAL,15.00,2025-04-08 00:00:00+00:00,2025-04-01 00:00:00+00:00,ACTIVE,1.00,False,Dublin,7.0,False,False,True,True
85,Analytics Listing 0 2025-04-01,32.00,kg,COMMERCIAL,24.00,2025-04-08 00:00:00+00:00,2025-04-01 00:00:00+00:00,ACTIVE,1.00,False,Dublin,7.0,False,False,True,True
88,Analytics Listing 1 2025-03-31,14.00,kg,COMMERCIAL,19.00,2025-04-07 00:00:00+00:00,2025-03-31 00:00:00+00:00,ACTIVE,1.00,False,Dublin,7.0,False,False,True,True
87,Analytics Listing 0 2025-03-31,75.00,kg,COMMERCIAL,26.00,2025-04-07 00:00:00+00:00,2025-03-31 00:00:00+00:00,ACTIVE,1.00,False,Dublin,7.0,False,False,True,True
90,Analytics Listing 1 2025-03-30,75.00,kg,COMMERCIAL,19.00,2025-04-06 00:00:00+00:00,2025-03-30 00:00:00+00:00,ACTIVE,1.00,False,Dublin,7.0,False,False,True,True
89,Analytics Listing 0 2025-03-30,26.00,kg,COMMERCIAL,40.00,2025-04-06 00:00:00+00:00,2025-03-30 00:00:00+00:00,ACTIVE,1.00,False,Dublin,7.0,False,False,True,True
91,Analytics Listing 0 2025-03-29,90.00,kg,COMMERCIAL,34.00,2025-04-05 00:00:00+00:00,2025-03-29 00:00:00+00:00,ACTIVE,1.00,False,Dublin,7.0,False,False,True,True
92,Analytics Listing 1 2025-03-29,89.00,kg,COMMERCIAL,34.00,2025-04-05 00:00:00+00:00,2025-03-29 00:00:00+00:00,ACTIVE,1.00,False,Dublin,7.0,False,False,True,True
93,Analytics Listing 0 2025-03-28,67.00,kg,COMMERCIAL,10.00,2025-04-04 00:00:00+00:00,2025-03-28 00:00:00+00:00,ACTIVE,1.00,False,Dublin,7.0,False,False,True,True
94,Analytics Listing 1 2025-03-28,45.00,kg,COMMERCIAL,32.00,2025-04-04 00:00:00+00:00,2025-03-28 00:00:00+00:00,ACTIVE,1.00,False,Dublin,7.0,False,False,True,True
95,Analytics Listing 0 2025-03-27,73.00,kg,COMMERCIAL,10.00,2025-04-03 00:00:00+00:00,2025-03-27 00:00:00+00:00,ACTIVE,1.00,False,Dublin,7.0,False,False,True,True
96,Analytics Listing 1 2025-03-27,73.00,kg,COMMERCIAL,29.00,2025-04-03 00:00:00+00:00,2025-03-27 00:00:00+00:00,ACTIVE,1.00,False,Dublin,7.0,False,False,True,True
97,Analytics Listing 0 2025-03-26,52.00,kg,COMMERCIAL,25.00,2025-04-02 00:00:00+00:00,2025-03-26 00:00:00+00:00,ACTIVE,1.00,False,Dublin,7.0,False,False,True,True
98,Analytics Listing 1 2025-03-26,98.00,kg,COMMERCIAL,12.00,2025-04-02 00:00:00+00:00,2025-03-26 00:00:00+00:00,ACTIVE,1.00,False,Dublin,7.0,False,False,True,True
99,Analytics Listing 0 2025-03-25,13.00,kg,COMMERCIAL,19.00,2025-04-01 00:00:00+00:00,2025-03-25 00:00:00+00:00,ACTIVE,1.00,False,Dublin,7.0,False,False,True,True
100,Analytics Listing 1 2025-03-25,63.00,kg,COMMERCIAL,40.00,2025-04-01 00:00:00+00:00,2025-03-25 00:00:00+00:00,ACTIVE,1.00,False,Dublin,7.0,False,False,True,True
102,Analytics Listing 1 2025-03-24,51.00,kg,COMMERCIAL,45.00,2025-03-31 00:00:00+00:00,2025-03-24 00:00:00+00:00,ACTIVE,1.00,False,Dublin,7.0,False,False,True,True
101,Analytics Listing 0 2025-03-24,23.00,kg,COMMERCIAL,10.00,2025-03-31 00:00:00+00:00,2025-03-24 00:00:00+00:00,ACTIVE,1.00,False,Dublin,7.0,False,False,True,True
104,Analytics Listing 1 2025-03-23,87.00,kg,COMMERCIAL,18.00,2025-03-30 00:00:00+00:00,2025-03-23 00:00:00+00:00,ACTIVE,1.00,False,Dublin,7.0,False,False,True,True
103,Analytics Listing 0 2025-03-23,67.00,kg,COMMERCIAL,22.00,2025-03-30 00:00:00+00:00,2025-03-23 00:00:00+00:00,ACTIVE,1.00,False,Dublin,7.0,False,False,True,True
106,Analytics Listing 1 2025-03-22,77.00,kg,COMMERCIAL,27.00,2025-03-29 00:00:00+00:00,2025-03-22 00:00:00+00:00,ACTIVE,1.00,False,Dublin,7.0,False,False,True,True
105,Analytics Listing 0 2025-03-22,73.00,kg,COMMERCIAL,49.00,2025-03-29 00:00:00+00:00,2025-03-22 00:00:00+00:00,ACTIVE,1.00,False,Dublin,7.0,False,False,True,True
108,Analytics Listing 1 2025-03-21,70.00,kg,COMMERCIAL,10.00,2025-03-28 00:00:00+00:00,2025-03-21 00:00:00+00:00,ACTIVE,1.00,False,Dublin,7.0,False,False,True,True
107,Analytics Listing 0 2025-03-21,22.00,kg,COMMERCIAL,46.00,2025-03-28 00:00:00+00:00,2025-03-21 00:00:00+00:00,ACTIVE,1.00,False,Dublin,7.0,False,False,True,True
110,Analytics Listing 1 2025-03-20,26.00,kg,COMMERCIAL,35.00,2025-03-27 00:00:00+00:00,2025-03-20 00:00:00+00:00,ACTIVE,1.00,False,Dublin,7.0,False,False,True,True
109,Analytics Listing 0 2025-03-20,92.00,kg,COMMERCIAL,24.00,2025-03-27 00:00:00+00:00,2025-03-20 00:00:00+00:00,ACTIVE,1.00,False,Dublin,7.0,False,False,True,True
112,Analytics Listing 1 2025-03-19,68.00,kg,COMMERCIAL,34.00,2025-03-26 00:00:00+00:00,2025-03-19 00:00:00+00:00,ACTIVE,1.00,False,Dublin,7.0,False,False,True,True
111,Analytics Listing 0 2025-03-19,30.00,kg,COMMERCIAL,47.00,2025-03-26 00:00:00+00:00,2025-03-19 00:00:00+00:00,ACTIVE,1.00,False,Dublin,7.0,False,False,True,True
113,Analytics Listing 0 2025-03-18,26.00,kg,COMMERCIAL,49.00,2025-03-25 00:00:00+00:00,2025-03-18 00:00:00+00:00,ACTIVE,1.00,False,Dublin,7.0,False,False,True,True
114,Analytics Listing 1 2025-03-18,51.00,kg,COMMERCIAL,10.00,2025-03-25 00:00:00+00:00,2025-03-18 00:00:00+00:00,ACTIVE,1.00,False,Dublin,7.0,False,False,True,True
115,Analytics Listing 0 2025-03-17,67.00,kg,COMMERCIAL,19.00,2025-03-24 00:00:00+00:00,2025-03-17 00:00:00+00:00,ACTIVE,1.00,False,Dublin,7.0,False,False,True,True
116,Analytics Listing 1 2025-03-17,34.00,kg,COMMERCIAL,31.00,2025-03-24 00:00:00+00:00,2025-03-17 00:00:00+00:00,ACTIVE,1.00,False,Dublin,7.0,False,False,True,True
117,Analytics Listing 0 2025-03-16,14.00,kg,COMMERCIAL,11.00,2025-03-23 00:00:00+00:00,2025-03-16 00:00:00+00:00,ACTIVE,1.00,False,Dublin,7.0,False,False,True,True
118,Analytics Listing 1 2025-03-16,15.00,kg,COMMERCIAL,30.00,2025-03-23 00:00:00+00:00,2025-03-16 00:00:00+00:00,ACTIVE,1.00,False,Dublin,7.0,False,False,True,True
119,Analytics Listing 0 2025-03-15,81.00,kg,COMMERCIAL,17.00,2025-03-22 00:00:00+00:00,2025-03-15 00:00:00+00:00,ACTIVE,1.00,False,Dublin,7.0,False,False,True,True
120,Analytics Listing 1 2025-03-15,55.00,kg,COMMERCIAL,27.00,2025-03-22 00:00:00+00:00,2025-03-15 00:00:00+00:00,ACTIVE,1.00,False,Dublin,7.0,False,False,True,True
121,Analytics Listing 0 2025-03-14,70.00,kg,COMMERCIAL,31.00,2025-03-21 00:00:00+00:00,2025-03-14 00:00:00+00:00,ACTIVE,1.00,False,Dublin,7.0,False,False,True,True
122,Analytics Listing 1 2025-03-14,10.00,kg,COMMERCIAL,37.00,2025-03-21 00:00:00+00:00,2025-03-14 00:00:00+00:00,ACTIVE,1.00,False,Dublin,7.0,False,False,True,True
123,Analytics Listing 0 2025-03-13,13.00,kg,COMMERCIAL,49.00,2025-03-20 00:00:00+00:00,2025-03-13 00:00:00+00:00,ACTIVE,1.00,False,Dublin,7.0,False,False,True,True
124,Analytics Listing 1 2025-03-13,48.00,kg,COMMERCIAL,46.00,2025-03-20 00:00:00+00:00,2025-03-13 00:00:00+00:00,ACTIVE,1.00,False,Dublin,7.0,False,False,True,True
125,Analytics Listing 0 2025-03-12,69.00,kg,COMMERCIAL,46.00,2025-03-19 00:00:00+00:00,2025-03-12 00:00:00+00:00,ACTIVE,1.00,False,Dublin,7.0,False,False,True,True
126,Analytics Listing 1 2025-03-12,89.00,kg,COMMERCIAL,33.00,2025-03-19 00:00:00+00:00,2025-03-12 00:00:00+00:00,ACTIVE,1.00,False,Dublin,7.0,False,False,True,True
127,Analytics Listing 0 2025-03-11,67.00,kg,COMMERCIAL,48.00,2025-03-18 00:00:00+00:00,2025-03-11 00:00:00+00:00,ACTIVE,1.00,False,Dublin,7.0,False,False,True,True
128,Analytics Listing 1 2025-03-11,97.00,kg,COMMERCIAL,36.00,2025-03-18 00:00:00+00:00,2025-03-11 00:00:00+00:00,ACTIVE,1.00,False,Dublin,7.0,False,False,True,True
129,Analytics Listing 0 2025-03-10,73.00,kg,COMMERCIAL,31.00,2025-03-17 00:00:00+00:00,2025-03-10 00:00:00+00:00,ACTIVE,1.00,False,Dublin,7.0,False,False,True,True
130,Analytics Listing 1 2025-03-10,35.00,kg,COMMERCIAL,39.00,2025-03-17 00:00:00+00:00,2025-03-10 00:00:00+00:00,ACTIVE,1.00,False,Dublin,7.0,False,False,True,True
132,Analytics Listing 1 2025-03-09,55.00,kg,COMMERCIAL,17.00,2025-03-16 00:00:00+00:00,2025-03-09 00:00:00+00:00,ACTIVE,1.00,False,Dublin,7.0,False,False,True,True
131,Analytics Listing 0 2025-03-09,10.00,kg,COMMERCIAL,35.00,2025-03-16 00:00:00+00:00,2025-03-09 00:00:00+00:00,ACTIVE,1.00,False,Dublin,7.0,False,False,True,True
134,Analytics Listing 1 2025-03-08,54.00,kg,COMMERCIAL,12.00,2025-03-15 00:00:00+00:00,2025-03-08 00:00:00+00:00,ACTIVE,1.00,False,Dublin,7.0,False,False,True,True
133,Analytics Listing 0 2025-03-08,99.00,kg,COMMERCIAL,33.00,2025-03-15 00:00:00+00:00,2025-03-08 00:00:00+00:00,ACTIVE,1.00,False,Dublin,7.0,False,False,True,True
136,Analytics Listing 1 2025-03-07,11.00,kg,COMMERCIAL,27.00,2025-03-14 00:00:00+00:00,2025-03-07 00:00:00+00:00,ACTIVE,1.00,False,Dublin,7.0,False,False,True,True
135,Analytics Listing 0 2025-03-07,73.00,kg,COMMERCIAL,34.00,2025-03-14 00:00:00+00:00,2025-03-07 00:00:00+00:00,ACTIVE,1.00,False,Dublin,7.0,False,False,True,True
138,Analytics Listing 1 2025-03-06,78.00,kg,COMMERCIAL,16.00,2025-03-13 00:00:00+00:00,2025-03-06 00:00:00+00:00,ACTIVE,1.00,False,Dublin,7.0,False,False,True,True
137,Analytics Listing 0 2025-03-06,95.00,kg,COMMERCIAL,18.00,2025-03-13 00:00:00+00:00,2025-03-06 00:00:00+00:00,ACTIVE,1.00,False,Dublin,7.0,False,False,True,True
140,Analytics Listing 1 2025-03-05,96.00,kg,COMMERCIAL,32.00,2025-03-12 00:00:00+00:00,2025-03-05 00:00:00+00:00,ACTIVE,1.00,False,Dublin,7.0,False,False,True,True
139,Analytics Listing 0 2025-03-05,24.00,kg,COMMERCIAL,16.00,2025-03-12 00:00:00+00:00,2025-03-05 00:00:00+00:00,ACTIVE,1.00,False,Dublin,7.0,False,False,True,True
18,Fresh Bakery Items,18.00,portions,NONPROFIT_ONLY,,2025-01-22 12:08:05.319346+00:00,2025-03-04 11:14:52.319346+00:00,EXPIRED,3.00,True,Dublin,-40.96304398148148,True,True,False,True
142,Analytics Listing 1 2025-03-04,25.00,kg,COMMERCIAL,19.00,2025-03-11 00:00:00+00:00,2025-03-04 00:00:00+00:00,ACTIVE,1.00,False,Dublin,7.0,False,False,True,True
141,Analytics Listing 0 2025-03-04,29.00,kg,COMMERCIAL,27.00,2025-03-11 00:00:00+00:00,2025-03-04 00:00:00+00:00,ACTIVE,1.00,False,Dublin,7.0,False,False,True,True
143,Analytics Listing 0 2025-03-03,41.00,kg,COMMERCIAL,14.00,2025-03-10 00:00:00+00:00,2025-03-03 00:00:00+00:00,ACTIVE,1.00,False,Dublin,7.0,False,False,True,True
144,Analytics Listing 1 2025-03-03,82.00,kg,COMMERCIAL,31.00,2025-03-10 00:00:00+00:00,2025-03-03 00:00:00+00:00,ACTIVE,1.00,False,Dublin,7.0,False,False,True,True
145,Analytics Listing 0 2025-03-02,93.00,kg,COMMERCIAL,14.00,2025-03-09 00:00:00+00:00,2025-03-02 00:00:00+00:00,ACTIVE,1.00,False,Dublin,7.0,False,False,True,True
146,Analytics Listing 1 2025-03-02,16.00,kg,COMMERCIAL,16.00,2025-03-09 00:00:00+00:00,2025-03-02 00:00:00+00:00,ACTIVE,1.00,False,Dublin,7.0,False,False,True,True
147,Analytics Listing 0 2025-03-01,67.00,kg,COMMERCIAL,14.00,2025-03-08 00:00:00+00:00,2025-03-01 00:00:00+00:00,ACTIVE,1.00,False,Dublin,7.0,False,False,True,True
148,Analytics Listing 1 2025-03-01,68.00,kg,COMMERCIAL,18.00,2025-03-08 00:00:00+00:00,2025-03-01 00:00:00+00:00,ACTIVE,1.00,False,Dublin,7.0,False,False,True,True
15,Grocery Store Excess,32.00,kg,NONPROFIT_ONLY,,2025-03-03 12:08:05.316970+00:00,2025-02-28 17:22:59.316970+00:00,EXPIRED,2.00,True,Cork,2.7813194444444442,True,True,False,True
150,Analytics Listing 1 2025-02-28,93.00,kg,COMMERCIAL,15.00,2025-03-07 00:00:00+00:00,2025-02-28 00:00:00+00:00,ACTIVE,1.00,False,Dublin,7.0,False,False,True,True
149,Analytics Listing 0 2025-02-28,48.00,kg,COMMERCIAL,40.00,2025-03-07 00:00:00+00:00,2025-02-28 00:00:00+00:00,ACTIVE,1.00,False,Dublin,7.0,False,False,True,True
152,Analytics Listing 1 2025-02-27,32.00,kg,COMMERCIAL,18.00,2025-03-06 00:00:00+00:00,2025-02-27 00:00:00+00:00,ACTIVE,1.00,False,Dublin,7.0,False,False,True,True
151,Analytics Listing 0 2025-02-27,64.00,kg,COMMERCIAL,38.00,2025-03-06 00:00:00+00:00,2025-02-27 00:00:00+00:00,ACTIVE,1.00,False,Dublin,7.0,False,False,True,True
153,Analytics Listing 0 2025-02-26,46.00,kg,COMMERCIAL,13.00,2025-03-05 00:00:00+00:00,2025-02-26 00:00:00+00:00,ACTIVE,1.00,False,Dublin,7.0,False,False,True,True
154,Analytics Listing 1 2025-02-26,12.00,kg,COMMERCIAL,18.00,2025-03-05 00:00:00+00:00,2025-02-26 00:00:00+00:00,ACTIVE,1.00,False,Dublin,7.0,False,False,True,True
155,Analytics Listing 0 2025-02-25,52.00,kg,COMMERCIAL,44.00,2025-03-04 00:00:00+00:00,2025-02-25 00:00:00+00:00,ACTIVE,1.00,False,Dublin,7.0,False,False,True,True
156,Analytics Listing 1 2025-02-25,37.00,kg,COMMERCIAL,47.00,2025-03-04 00:00:00+00:00,2025-02-25 00:00:00+00:00,ACTIVE,1.00,False,Dublin,7.0,False,False,True,True
157,Analytics Listing 0 2025-02-24,63.00,kg,COMMERCIAL,22.00,2025-03-03 00:00:00+00:00,2025-02-24 00:00:00+00:00,ACTIVE,1.00,False,Dublin,7.0,False,False,True,True
158,Analytics Listing 1 2025-02-24,86.00,kg,COMMERCIAL,30.00,2025-03-03 00:00:00+00:00,2025-02-24 00:00:00+00:00,ACTIVE,1.00,False,Dublin,7.0,False,False,True,True
11,Bulk Food Items,35.00,kg,COMMERCIAL,15.00,2024-12-19 12:08:05.312869+00:00,2025-02-23 01:06:52.312869+00:00,EXPIRED,4.00,False,Cork,-65.54082175925926,True,False,True,True
160,Analytics Listing 1 2025-02-23,67.00,kg,COMMERCIAL,40.00,2025-03-02 00:00:00+00:00,2025-02-23 00:00:00+00:00,ACTIVE,1.00,False,Dublin,7.0,False,False,True,True
159,Analytics Listing 0 2025-02-23,92.00,kg,COMMERCIAL,17.00,2025-03-02 00:00:00+00:00,2025-02-23 00:00:00+00:00,ACTIVE,1.00,False,Dublin,7.0,False,False,True,True
162,Analytics Listing 1 2025-02-22,68.00,kg,COMMERCIAL,14.00,2025-03-01 00:00:00+00:00,2025-02-22 00:00:00+00:00,ACTIVE,1.00,False,Dublin,7.0,False,False,True,True
161,Analytics Listing 0 2025-02-22,97.00,kg,COMMERCIAL,32.00,2025-03-01 00:00:00+00:00,2025-02-22 00:00:00+00:00,ACTIVE,1.00,False,Dublin,7.0,False,False,True,True
13,Dairy Products Package,67.00,pallets,COMMERCIAL,13.00,2025-05-13 12:08:05.314874+00:00,2025-02-21 11:21:13.314874+00:00,ACTIVE,4.00,False,Waterford,81.0325462962963,False,False,True,True
164,Analytics Listing 1 2025-02-21,41.00,kg,COMMERCIAL,14.00,2025-02-28 00:00:00+00:00,2025-02-21 00:00:00+00:00,ACTIVE,1.00,False,Dublin,7.0,False,False,True,True
163,Analytics Listing 0 2025-02-21,49.00,kg,COMMERCIAL,26.00,2025-02-28 00:00:00+00:00,2025-02-21 00:00:00+00:00,ACTIVE,1.00,False,Dublin,7.0,False,False,True,True
165,Analytics Listing 0 2025-02-20,71.00,kg,COMMERCIAL,28.00,2025-02-27 00:00:00+00:00,2025-02-20 00:00:00+00:00,ACTIVE,1.00,False,Dublin,7.0,False,False,True,True
166,Analytics Listing 1 2025-02-20,78.00,kg,COMMERCIAL,20.00,2025-02-27 00:00:00+00:00,2025-02-20 00:00:00+00:00,ACTIVE,1.00,False,Dublin,7.0,False,False,True,True
5,Grocery Store Excess,18.00,kg,COMMERCIAL,41.00,2025-01-28 12:08:05.306101+00:00,2025-02-19 17:31:42.306101+00:00,EXPIRED,2.00,False,Waterford,-22.224733796296295,True,False,True,True
167,Analytics Listing 0 2025-02-19,68.00,kg,COMMERCIAL,15.00,2025-02-26 00:00:00+00:00,2025-02-19 00:00:00+00:00,ACTIVE,1.00,False,Dublin,7.0,False,False,True,True
168,Analytics Listing 1 2025-02-19,27.00,kg,COMMERCIAL,42.00,2025-02-26 00:00:00+00:00,2025-02-19 00:00:00+00:00,ACTIVE,1.00,False,Dublin,7.0,False,False,True,True
170,Analytics Listing 1 2025-02-18,86.00,kg,COMMERCIAL,18.00,2025-02-25 00:00:00+00:00,2025-02-18 00:00:00+00:00,ACTIVE,1.00,False,Dublin,7.0,False,False,True,True
169,Analytics Listing 0 2025-02-18,38.00,kg,COMMERCIAL,47.00,2025-02-25 00:00:00+00:00,2025-02-18 00:00:00+00:00,ACTIVE,1.00,False,Dublin,7.0,False,False,True,True
172,Analytics Listing 1 2025-02-17,46.00,kg,COMMERCIAL,12.00,2025-02-24 00:00:00+00:00,2025-02-17 00:00:00+00:00,ACTIVE,1.00,False,Dublin,7.0,False,False,True,True
171,Analytics Listing 0 2025-02-17,37.00,kg,COMMERCIAL,19.00,2025-02-24 00:00:00+00:00,2025-02-17 00:00:00+00:00,ACTIVE,1.00,False,Dublin,7.0,False,False,True,True
174,Analytics Listing 1 2025-02-16,69.00,kg,COMMERCIAL,25.00,2025-02-23 00:00:00+00:00,2025-02-16 00:00:00+00:00,ACTIVE,1.00,False,Dublin,7.0,False,False,True,True
173,Analytics Listing 0 2025-02-16,73.00,kg,COMMERCIAL,42.00,2025-02-23 00:00:00+00:00,2025-02-16 00:00:00+00:00,ACTIVE,1.00,False,Dublin,7.0,False,False,True,True
176,Analytics Listing 1 2025-02-15,29.00,kg,COMMERCIAL,10.00,2025-02-22 00:00:00+00:00,2025-02-15 00:00:00+00:00,ACTIVE,1.00,False,Dublin,7.0,False,False,True,True
175,Analytics Listing 0 2025-02-15,79.00,kg,COMMERCIAL,24.00,2025-02-22 00:00:00+00:00,2025-02-15 00:00:00+00:00,ACTIVE,1.00,False,Dublin,7.0,False,False,True,True
177,Analytics Listing 0 2025-02-14,34.00,kg,COMMERCIAL,22.00,2025-02-21 00:00:00+00:00,2025-02-14 00:00:00+00:00,ACTIVE,1.00,False,Dublin,7.0,False,False,True,True
178,Analytics Listing 1 2025-02-14,45.00,kg,COMMERCIAL,16.00,2025-02-21 00:00:00+00:00,2025-02-14 00:00:00+00:00,ACTIVE,1.00,False,Dublin,7.0,False,False,True,True
179,Analytics Listing 0 2025-02-13,74.00,kg,COMMERCIAL,21.00,2025-02-20 00:00:00+00:00,2025-02-13 00:00:00+00:00,ACTIVE,1.00,False,Dublin,7.0,False,False,True,True
180,Analytics Listing 1 2025-02-13,10.00,kg,COMMERCIAL,19.00,2025-02-20 00:00:00+00:00,2025-02-13 00:00:00+00:00,ACTIVE,1.00,False,Dublin,7.0,False,False,True,True
182,Analytics Listing 1 2025-02-12,93.00,kg,COMMERCIAL,42.00,2025-02-19 00:00:00+00:00,2025-02-12 00:00:00+00:00,ACTIVE,1.00,False,Dublin,7.0,False,False,True,True
181,Analytics Listing 0 2025-02-12,16.00,kg,COMMERCIAL,20.00,2025-02-19 00:00:00+00:00,2025-02-12 00:00:00+00:00,ACTIVE,1.00,False,Dublin,7.0,False,False,True,True
184,Analytics Listing 1 2025-02-11,31.00,kg,COMMERCIAL,37.00,2025-02-18 00:00:00+00:00,2025-02-11 00:00:00+00:00,ACTIVE,1.00,False,Dublin,7.0,False,False,True,True
183,Analytics Listing 0 2025-02-11,29.00,kg,COMMERCIAL,25.00,2025-02-18 00:00:00+00:00,2025-02-11 00:00:00+00:00,ACTIVE,1.00,False,Dublin,7.0,False,False,True,True
186,Analytics Listing 1 2025-02-10,58.00,kg,COMMERCIAL,14.00,2025-02-17 00:00:00+00:00,2025-02-10 00:00:00+00:00,ACTIVE,1.00,False,Dublin,7.0,False,False,True,True
185,Analytics Listing 0 2025-02-10,31.00,kg,COMMERCIAL,14.00,2025-02-17 00:00:00+00:00,2025-02-10 00:00:00+00:00,ACTIVE,1.00,False,Dublin,7.0,False,False,True,True
188,Analytics Listing 1 2025-02-09,68.00,kg,COMMERCIAL,42.00,2025-02-16 00:00:00+00:00,2025-02-09 00:00:00+00:00,ACTIVE,1.00,False,Dublin,7.0,False,False,True,True
187,Analytics Listing 0 2025-02-09,52.00,kg,COMMERCIAL,24.00,2025-02-16 00:00:00+00:00,2025-02-09 00:00:00+00:00,ACTIVE,1.00,False,Dublin,7.0,False,False,True,True
190,Analytics Listing 1 2025-02-08,19.00,kg,COMMERCIAL,39.00,2025-02-15 00:00:00+00:00,2025-02-08 00:00:00+00:00,ACTIVE,1.00,False,Dublin,7.0,False,False,True,True
189,Analytics Listing 0 2025-02-08,90.00,kg,COMMERCIAL,46.00,2025-02-15 00:00:00+00:00,2025-02-08 00:00:00+00:00,ACTIVE,1.00,False,Dublin,7.0,False,False,True,True
191,Analytics Listing 0 2025-02-07,97.00,kg,COMMERCIAL,36.00,2025-02-14 00:00:00+00:00,2025-02-07 00:00:00+00:00,ACTIVE,1.00,False,Dublin,7.0,False,False,True,True
192,Analytics Listing 1 2025-02-07,63.00,kg,COMMERCIAL,24.00,2025-02-14 00:00:00+00:00,2025-02-07 00:00:00+00:00,ACTIVE,1.00,False,Dublin,7.0,False,False,True,True
193,Analytics Listing 0 2025-02-06,60.00,kg,COMMERCIAL,39.00,2025-02-13 00:00:00+00:00,2025-02-06 00:00:00+00:00,ACTIVE,1.00,False,Dublin,7.0,False,False,True,True
194,Analytics Listing 1 2025-02-06,25.00,kg,COMMERCIAL,14.00,2025-02-13 00:00:00+00:00,2025-02-06 00:00:00+00:00,ACTIVE,1.00,False,Dublin,7.0,False,False,True,True
195,Analytics Listing 0 2025-02-05,74.00,kg,COMMERCIAL,39.00,2025-02-12 00:00:00+00:00,2025-02-05 00:00:00+00:00,ACTIVE,1.00,False,Dublin,7.0,False,False,True,True
196,Analytics Listing 1 2025-02-05,23.00,kg,COMMERCIAL,15.00,2025-02-12 00:00:00+00:00,2025-02-05 00:00:00+00:00,ACTIVE,1.00,False,Dublin,7.0,False,False,True,True
197,Analytics Listing 0 2025-02-04,84.00,kg,COMMERCIAL,46.00,2025-02-11 00:00:00+00:00,2025-02-04 00:00:00+00:00,ACTIVE,1.00,False,Dublin,7.0,False,False,True,True
198,Analytics Listing 1 2025-02-04,50.00,kg,COMMERCIAL,17.00,2025-02-11 00:00:00+00:00,2025-02-04 00:00:00+00:00,ACTIVE,1.00,False,Dublin,7.0,False,False,True,True
199,Analytics Listing 0 2025-02-03,41.00,kg,COMMERCIAL,31.00,2025-02-10 00:00:00+00:00,2025-02-03 00:00:00+00:00,ACTIVE,1.00,False,Dublin,7.0,False,False,True,True
200,Analytics Listing 1 2025-02-03,76.00,kg,COMMERCIAL,31.00,2025-02-10 00:00:00+00:00,2025-02-03 00:00:00+00:00,ACTIVE,1.00,False,Dublin,7.0,False,False,True,True
201,Analytics Listing 0 2025-02-02,20.00,kg,COMMERCIAL,38.00,2025-02-09 00:00:00+00:00,2025-02-02 00:00:00+00:00,ACTIVE,1.00,False,Dublin,7.0,False,False,True,True
202,Analytics Listing 1 2025-02-02,32.00,kg,COMMERCIAL,27.00,2025-02-09 00:00:00+00:00,2025-02-02 00:00:00+00:00,ACTIVE,1.00,False,Dublin,7.0,False,False,True,True
7,Fresh Produce Bundle,14.00,kg,NONPROFIT_ONLY,,2025-05-13 12:08:05.308863+00:00,2025-02-01 10:08:12.308863+00:00,ACTIVE,3.00,True,Galway,101.08325231481481,False,True,False,True
8,Grocery Store Excess,82.00,pallets,COMMERCIAL,41.00,2024-11-23 12:08:05.309873+00:00,2025-02-01 04:14:50.309873+00:00,EXPIRED,4.00,False,Limerick,-69.67135416666666,True,False,True,True
203,Analytics Listing 0 2025-02-01,93.00,kg,COMMERCIAL,48.00,2025-02-08 00:00:00+00:00,2025-02-01 00:00:00+00:00,ACTIVE,1.00,False,Dublin,7.0,False,False,True,True
204,Analytics Listing 1 2025-02-01,45.00,kg,COMMERCIAL,25.00,2025-02-08 00:00:00+00:00,2025-02-01 00:00:00+00:00,ACTIVE,1.00,False,Dublin,7.0,False,False,True,True
206,Analytics Listing 1 2025-01-31,98.00,kg,COMMERCIAL,50.00,2025-02-07 00:00:00+00:00,2025-01-31 00:00:00+00:00,ACTIVE,1.00,False,Dublin,7.0,False,False,True,True
205,Analytics Listing 0 2025-01-31,95.00,kg,COMMERCIAL,47.00,2025-02-07 00:00:00+00:00,2025-01-31 00:00:00+00:00,ACTIVE,1.00,False,Dublin,7.0,False,False,True,True
207,Analytics Listing 0 2025-01-30,33.00,kg,COMMERCIAL,10.00,2025-02-06 00:00:00+00:00,2025-01-30 00:00:00+00:00,ACTIVE,1.00,False,Dublin,7.0,False,False,True,True
208,Analytics Listing 1 2025-01-30,33.00,kg,COMMERCIAL,21.00,2025-02-06 00:00:00+00:00,2025-01-30 00:00:00+00:00,ACTIVE,1.00,False,Dublin,7.0,False,False,True,True
209,Analytics Listing 0 2025-01-29,69.00,kg,COMMERCIAL,37.00,2025-02-05 00:00:00+00:00,2025-01-29 00:00:00+00:00,ACTIVE,1.00,False,Dublin,7.0,False,False,True,True
210,Analytics Listing 1 2025-01-29,27.00,kg,COMMERCIAL,23.00,2025-02-05 00:00:00+00:00,2025-01-29 00:00:00+00:00,ACTIVE,1.00,False,Dublin,7.0,False,False,True,True
211,Analytics Listing 0 2025-01-28,58.00,kg,COMMERCIAL,45.00,2025-02-04 00:00:00+00:00,2025-01-28 00:00:00+00:00,ACTIVE,1.00,False,Dublin,7.0,False,False,True,True
212,Analytics Listing 1 2025-01-28,75.00,kg,COMMERCIAL,31.00,2025-02-04 00:00:00+00:00,2025-01-28 00:00:00+00:00,ACTIVE,1.00,False,Dublin,7.0,False,False,True,True
16,Surplus Restaurant Meals,50.00,pallets,DONATION,,2025-04-25 12:08:05.316970+00:00,2025-01-27 05:26:41.316970+00:00,EXPIRED,3.00,False,Dublin,88.27875,True,True,False,True
214,Analytics Listing 1 2025-01-27,19.00,kg,COMMERCIAL,20.00,2025-02-03 00:00:00+00:00,2025-01-27 00:00:00+00:00,ACTIVE,1.00,False,Dublin,7.0,False,False,True,True
213,Analytics Listing 0 2025-01-27,28.00,kg,COMMERCIAL,45.00,2025-02-03 00:00:00+00:00,2025-01-27 00:00:00+00:00,ACTIVE,1.00,False,Dublin,7.0,False,False,True,True
215,Analytics Listing 0 2025-01-26,24.00,kg,COMMERCIAL,41.00,2025-02-02 00:00:00+00:00,2025-01-26 00:00:00+00:00,ACTIVE,1.00,False,Dublin,7.0,False,False,True,True
216,Analytics Listing 1 2025-01-26,74.00,kg,COMMERCIAL,14.00,2025-02-02 00:00:00+00:00,2025-01-26 00:00:00+00:00,ACTIVE,1.00,False,Dublin,7.0,False,False,True,True
217,Analytics Listing 0 2025-01-25,62.00,kg,COMMERCIAL,34.00,2025-02-01 00:00:00+00:00,2025-01-25 00:00:00+00:00,ACTIVE,1.00,False,Dublin,7.0,False,False,True,True
218,Analytics Listing 1 2025-01-25,42.00,kg,COMMERCIAL,28.00,2025-02-01 00:00:00+00:00,2025-01-25 00:00:00+00:00,ACTIVE,1.00,False,Dublin,7.0,False,False,True,True
219,Analytics Listing 0 2025-01-24,21.00,kg,COMMERCIAL,42.00,2025-01-31 00:00:00+00:00,2025-01-24 00:00:00+00:00,ACTIVE,1.00,False,Dublin,7.0,False,False,True,True
220,Analytics Listing 1 2025-01-24,46.00,kg,COMMERCIAL,18.00,2025-01-31 00:00:00+00:00,2025-01-24 00:00:00+00:00,ACTIVE,1.00,False,Dublin,7.0,False,False,True,True
222,Analytics Listing 1 2025-01-23,78.00,kg,COMMERCIAL,40.00,2025-01-30 00:00:00+00:00,2025-01-23 00:00:00+00:00,ACTIVE,1.00,False,Dublin,7.0,False,False,True,True
221,Analytics Listing 0 2025-01-23,25.00,kg,COMMERCIAL,42.00,2025-01-30 00:00:00+00:00,2025-01-23 00:00:00+00:00,ACTIVE,1.00,False,Dublin,7.0,False,False,True,True
224,Analytics Listing 1 2025-01-22,99.00,kg,COMMERCIAL,38.00,2025-01-29 00:00:00+00:00,2025-01-22 00:00:00+00:00,ACTIVE,1.00,False,Dublin,7.0,False,False,True,True
223,Analytics Listing 0 2025-01-22,55.00,kg,COMMERCIAL,27.00,2025-01-29 00:00:00+00:00,2025-01-22 00:00:00+00:00,ACTIVE,1.00,False,Dublin,7.0,False,False,True,True
226,Analytics Listing 1 2025-01-21,98.00,kg,COMMERCIAL,29.00,2025-01-28 00:00:00+00:00,2025-01-21 00:00:00+00:00,ACTIVE,1.00,False,Dublin,7.0,False,False,True,True
225,Analytics Listing 0 2025-01-21,52.00,kg,COMMERCIAL,43.00,2025-01-28 00:00:00+00:00,2025-01-21 00:00:00+00:00,ACTIVE,1.00,False,Dublin,7.0,False,False,True,True
20,Fresh Produce Bundle,51.00,packages,NONPROFIT_ONLY,,2025-04-29 12:08:05.321353+00:00,2025-01-20 06:01:07.321353+00:00,ACTIVE,3.00,True,Cork,99.25483796296297,False,True,False,True
227,Analytics Listing 0 2025-01-20,95.00,kg,COMMERCIAL,33.00,2025-01-27 00:00:00+00:00,2025-01-20 00:00:00+00:00,ACTIVE,1.00,False,Dublin,7.0,False,False,True,True
228,Analytics Listing 1 2025-01-20,50.00,kg,COMMERCIAL,49.00,2025-01-27 00:00:00+00:00,2025-01-20 00:00:00+00:00,ACTIVE,1.00,False,Dublin,7.0,False,False,True,True
229,Analytics Listing 0 2025-01-19,37.00,kg,COMMERCIAL,25.00,2025-01-26 00:00:00+00:00,2025-01-19 00:00:00+00:00,ACTIVE,1.00,False,Dublin,7.0,False,False,True,True
230,Analytics Listing 1 2025-01-19,83.00,kg,COMMERCIAL,31.00,2025-01-26 00:00:00+00:00,2025-01-19 00:00:00+00:00,ACTIVE,1.00,False,Dublin,7.0,False,False,True,True
232,Analytics Listing 1 2025-01-18,49.00,kg,COMMERCIAL,28.00,2025-01-25 00:00:00+00:00,2025-01-18 00:00:00+00:00,ACTIVE,1.00,False,Dublin,7.0,False,False,True,True
231,Analytics Listing 0 2025-01-18,71.00,kg,COMMERCIAL,45.00,2025-01-25 00:00:00+00:00,2025-01-18 00:00:00+00:00,ACTIVE,1.00,False,Dublin,7.0,False,False,True,True
234,Analytics Listing 1 2025-01-17,93.00,kg,COMMERCIAL,24.00,2025-01-24 00:00:00+00:00,2025-01-17 00:00:00+00:00,ACTIVE,1.00,False,Dublin,7.0,False,False,True,True
233,Analytics Listing 0 2025-01-17,25.00,kg,COMMERCIAL,22.00,2025-01-24 00:00:00+00:00,2025-01-17 00:00:00+00:00,ACTIVE,1.00,False,Dublin,7.0,False,False,True,True
235,Analytics Listing 0 2025-01-16,62.00,kg,COMMERCIAL,39.00,2025-01-23 00:00:00+00:00,2025-01-16 00:00:00+00:00,ACTIVE,1.00,False,Dublin,7.0,False,False,True,True
236,Analytics Listing 1 2025-01-16,30.00,kg,COMMERCIAL,42.00,2025-01-23 00:00:00+00:00,2025-01-16 00:00:00+00:00,ACTIVE,1.00,False,Dublin,7.0,False,False,True,True
237,Analytics Listing 0 2025-01-15,65.00,kg,COMMERCIAL,23.00,2025-01-22 00:00:00+00:00,2025-01-15 00:00:00+00:00,ACTIVE,1.00,False,Dublin,7.0,False,False,True,True
238,Analytics Listing 1 2025-01-15,63.00,kg,COMMERCIAL,30.00,2025-01-22 00:00:00+00:00,2025-01-15 00:00:00+00:00,ACTIVE,1.00,False,Dublin,7.0,False,False,True,True
239,Analytics Listing 0 2025-01-14,75.00,kg,COMMERCIAL,30.00,2025-01-21 00:00:00+00:00,2025-01-14 00:00:00+00:00,ACTIVE,1.00,False,Dublin,7.0,False,False,True,True
240,Analytics Listing 1 2025-01-14,35.00,kg,COMMERCIAL,22.00,2025-01-21 00:00:00+00:00,2025-01-14 00:00:00+00:00,ACTIVE,1.00,False,Dublin,7.0,False,False,True,True
10,Guaranteed Active Listing,43.00,kg,COMMERCIAL,30.00,2025-05-09 12:08:05.311872+00:00,2025-01-13 08:29:01.311872+00:00,ACTIVE,5.00,False,Dublin,116.15212962962963,False,False,True,True
242,Analytics Listing 1 2025-01-13,95.00,kg,COMMERCIAL,43.00,2025-01-20 00:00:00+00:00,2025-01-13 00:00:00+00:00,ACTIVE,1.00,False,Dublin,7.0,False,False,True,True
241,Analytics Listing 0 2025-01-13,100.00,kg,COMMERCIAL,45.00,2025-01-20 00:00:00+00:00,2025-01-13 00:00:00+00:00,ACTIVE,1.00,False,Dublin,7.0,False,False,True,True
243,Analytics Listing 0 2025-01-12,66.00,kg,COMMERCIAL,20.00,2025-01-19 00:00:00+00:00,2025-01-12 00:00:00+00:00,ACTIVE,1.00,False,Dublin,7.0,False,False,True,True
244,Analytics Listing 1 2025-01-12,55.00,kg,COMMERCIAL,30.00,2025-01-19 00:00:00+00:00,2025-01-12 00:00:00+00:00,ACTIVE,1.00,False,Dublin,7.0,False,False,True,True
245,Analytics Listing 0 2025-01-11,96.00,kg,COMMERCIAL,19.00,2025-01-18 00:00:00+00:00,2025-01-11 00:00:00+00:00,ACTIVE,1.00,False,Dublin,7.0,False,False,True,True
246,Analytics Listing 1 2025-01-11,61.00,kg,COMMERCIAL,40.00,2025-01-18 00:00:00+00:00,2025-01-11 00:00:00+00:00,ACTIVE,1.00,False,Dublin,7.0,False,False,True,True
247,Analytics Listing 0 2025-01-10,82.00,kg,COMMERCIAL,37.00,2025-01-17 00:00:00+00:00,2025-01-10 00:00:00+00:00,ACTIVE,1.00,False,Dublin,7.0,False,False,True,True
248,Analytics Listing 1 2025-01-10,29.00,kg,COMMERCIAL,42.00,2025-01-17 00:00:00+00:00,2025-01-10 00:00:00+00:00,ACTIVE,1.00,False,Dublin,7.0,False,False,True,True
19,Grocery Store Excess,61.00,boxes,COMMERCIAL,22.00,2025-01-25 12:08:05.320346+00:00,2025-01-09 15:21:15.320346+00:00,EXPIRED,3.00,False,Limerick,15.865856481481481,True,False,True,True
250,Analytics Listing 1 2025-01-09,24.00,kg,COMMERCIAL,19.00,2025-01-16 00:00:00+00:00,2025-01-09 00:00:00+00:00,ACTIVE,1.00,False,Dublin,7.0,False,False,True,True
249,Analytics Listing 0 2025-01-09,89.00,kg,COMMERCIAL,31.00,2025-01-16 00:00:00+00:00,2025-01-09 00:00:00+00:00,ACTIVE,1.00,False,Dublin,7.0,False,False,True,True
251,Analytics Listing 0 2025-01-08,50.00,kg,COMMERCIAL,47.00,2025-01-15 00:00:00+00:00,2025-01-08 00:00:00+00:00,ACTIVE,1.00,False,Dublin,7.0,False,False,True,True
252,Analytics Listing 1 2025-01-08,73.00,kg,COMMERCIAL,23.00,2025-01-15 00:00:00+00:00,2025-01-08 00:00:00+00:00,ACTIVE,1.00,False,Dublin,7.0,False,False,True,True
254,Analytics Listing 1 2025-01-07,32.00,kg,COMMERCIAL,37.00,2025-01-14 00:00:00+00:00,2025-01-07 00:00:00+00:00,ACTIVE,1.00,False,Dublin,7.0,False,False,True,True
253,Analytics Listing 0 2025-01-07,52.00,kg,COMMERCIAL,50.00,2025-01-14 00:00:00+00:00,2025-01-07 00:00:00+00:00,ACTIVE,1.00,False,Dublin,7.0,False,False,True,True
256,Analytics Listing 1 2025-01-06,46.00,kg,COMMERCIAL,32.00,2025-01-13 00:00:00+00:00,2025-01-06 00:00:00+00:00,ACTIVE,1.00,False,Dublin,7.0,False,False,True,True
255,Analytics Listing 0 2025-01-06,27.00,kg,COMMERCIAL,29.00,2025-01-13 00:00:00+00:00,2025-01-06 00:00:00+00:00,ACTIVE,1.00,False,Dublin,7.0,False,False,True,True
258,Analytics Listing 1 2025-01-05,24.00,kg,COMMERCIAL,27.00,2025-01-12 00:00:00+00:00,2025-01-05 00:00:00+00:00,ACTIVE,1.00,False,Dublin,7.0,False,False,True,True
257,Analytics Listing 0 2025-01-05,53.00,kg,COMMERCIAL,30.00,2025-01-12 00:00:00+00:00,2025-01-05 00:00:00+00:00,ACTIVE,1.00,False,Dublin,7.0,False,False,True,True
259,Analytics Listing 0 2025-01-04,46.00,kg,COMMERCIAL,45.00,2025-01-11 00:00:00+00:00,2025-01-04 00:00:00+00:00,ACTIVE,1.00,False,Dublin,7.0,False,False,True,True
260,Analytics Listing 1 2025-01-04,99.00,kg,COMMERCIAL,15.00,2025-01-11 00:00:00+00:00,2025-01-04 00:00:00+00:00,ACTIVE,1.00,False,Dublin,7.0,False,False,True,True
262,Analytics Listing 1 2025-01-03,99.00,kg,COMMERCIAL,20.00,2025-01-10 00:00:00+00:00,2025-01-03 00:00:00+00:00,ACTIVE,1.00,False,Dublin,7.0,False,False,True,True
261,Analytics Listing 0 2025-01-03,35.00,kg,COMMERCIAL,24.00,2025-01-10 00:00:00+00:00,2025-01-03 00:00:00+00:00,ACTIVE,1.00,False,Dublin,7.0,False,False,True,True
263,Analytics Listing 0 2025-01-02,54.00,kg,COMMERCIAL,41.00,2025-01-09 00:00:00+00:00,2025-01-02 00:00:00+00:00,ACTIVE,1.00,False,Dublin,7.0,False,False,True,True
264,Analytics Listing 1 2025-01-02,60.00,kg,COMMERCIAL,49.00,2025-01-09 00:00:00+00:00,2025-01-02 00:00:00+00:00,ACTIVE,1.00,False,Dublin,7.0,False,False,True,True
265,Analytics Listing 0 2025-01-01,77.00,kg,COMMERCIAL,41.00,2025-01-08 00:00:00+00:00,2025-01-01 00:00:00+00:00,ACTIVE,1.00,False,Dublin,7.0,False,False,True,True
266,Analytics Listing 1 2025-01-01,70.00,kg,COMMERCIAL,16.00,2025-01-08 00:00:00+00:00,2025-01-01 00:00:00+00:00,ACTIVE,1.00,False,Dublin,7.0,False,False,True,True
268,Analytics Listing 1 2024-12-31,46.00,kg,COMMERCIAL,22.00,2025-01-07 00:00:00+00:00,2024-12-31 00:00:00+00:00,ACTIVE,1.00,False,Dublin,7.0,False,False,True,True
267,Analytics Listing 0 2024-12-31,30.00,kg,COMMERCIAL,11.00,2025-01-07 00:00:00+00:00,2024-12-31 00:00:00+00:00,ACTIVE,1.00,False,Dublin,7.0,False,False,True,True
269,Analytics Listing 0 2024-12-30,10.00,kg,COMMERCIAL,34.00,2025-01-06 00:00:00+00:00,2024-12-30 00:00:00+00:00,ACTIVE,1.00,False,Dublin,7.0,False,False,True,True
270,Analytics Listing 1 2024-12-30,54.00,kg,COMMERCIAL,14.00,2025-01-06 00:00:00+00:00,2024-12-30 00:00:00+00:00,ACTIVE,1.00,False,Dublin,7.0,False,False,True,True
271,Analytics Listing 0 2024-12-29,56.00,kg,COMMERCIAL,19.00,2025-01-05 00:00:00+00:00,2024-12-29 00:00:00+00:00,ACTIVE,1.00,False,Dublin,7.0,False,False,True,True
272,Analytics Listing 1 2024-12-29,33.00,kg,COMMERCIAL,37.00,2025-01-05 00:00:00+00:00,2024-12-29 00:00:00+00:00,ACTIVE,1.00,False,Dublin,7.0,False,False,True,True
273,Analytics Listing 0 2024-12-28,83.00,kg,COMMERCIAL,37.00,2025-01-04 00:00:00+00:00,2024-12-28 00:00:00+00:00,ACTIVE,1.00,False,Dublin,7.0,False,False,True,True
274,Analytics Listing 1 2024-12-28,15.00,kg,COMMERCIAL,26.00,2025-01-04 00:00:00+00:00,2024-12-28 00:00:00+00:00,ACTIVE,1.00,False,Dublin,7.0,False,False,True,True
12,Grocery Store Excess,82.00,units,DONATION,,2024-11-03 12:08:05.313871+00:00,2024-12-27 16:18:17.313871+00:00,EXPIRED,4.00,False,Limerick,-54.17375,True,True,False,True
275,Analytics Listing 0 2024-12-27,73.00,kg,COMMERCIAL,37.00,2025-01-03 00:00:00+00:00,2024-12-27 00:00:00+00:00,ACTIVE,1.00,False,Dublin,7.0,False,False,True,True
276,Analytics Listing 1 2024-12-27,77.00,kg,COMMERCIAL,19.00,2025-01-03 00:00:00+00:00,2024-12-27 00:00:00+00:00,ACTIVE,1.00,False,Dublin,7.0,False,False,True,True
278,Analytics Listing 1 2024-12-26,56.00,kg,COMMERCIAL,37.00,2025-01-02 00:00:00+00:00,2024-12-26 00:00:00+00:00,ACTIVE,1.00,False,Dublin,7.0,False,False,True,True
277,Analytics Listing 0 2024-12-26,97.00,kg,COMMERCIAL,32.00,2025-01-02 00:00:00+00:00,2024-12-26 00:00:00+00:00,ACTIVE,1.00,False,Dublin,7.0,False,False,True,True
280,Analytics Listing 1 2024-12-25,76.00,kg,COMMERCIAL,11.00,2025-01-01 00:00:00+00:00,2024-12-25 00:00:00+00:00,ACTIVE,1.00,False,Dublin,7.0,False,False,True,True
279,Analytics Listing 0 2024-12-25,45.00,kg,COMMERCIAL,32.00,2025-01-01 00:00:00+00:00,2024-12-25 00:00:00+00:00,ACTIVE,1.00,False,Dublin,7.0,False,False,True,True
282,Analytics Listing 1 2024-12-24,78.00,kg,COMMERCIAL,15.00,2024-12-31 00:00:00+00:00,2024-12-24 00:00:00+00:00,ACTIVE,1.00,False,Dublin,7.0,False,False,True,True
281,Analytics Listing 0 2024-12-24,38.00,kg,COMMERCIAL,47.00,2024-12-31 00:00:00+00:00,2024-12-24 00:00:00+00:00,ACTIVE,1.00,False,Dublin,7.0,False,False,True,True
284,Analytics Listing 1 2024-12-23,74.00,kg,COMMERCIAL,32.00,2024-12-30 00:00:00+00:00,2024-12-23 00:00:00+00:00,ACTIVE,1.00,False,Dublin,7.0,False,False,True,True
283,Analytics Listing 0 2024-12-23,91.00,kg,COMMERCIAL,24.00,2024-12-30 00:00:00+00:00,2024-12-23 00:00:00+00:00,ACTIVE,1.00,False,Dublin,7.0,False,False,True,True
285,Analytics Listing 0 2024-12-22,100.00,kg,COMMERCIAL,30.00,2024-12-29 00:00:00+00:00,2024-12-22 00:00:00+00:00,ACTIVE,1.00,False,Dublin,7.0,False,False,True,True
286,Analytics Listing 1 2024-12-22,80.00,kg,COMMERCIAL,39.00,2024-12-29 00:00:00+00:00,2024-12-22 00:00:00+00:00,ACTIVE,1.00,False,Dublin,7.0,False,False,True,True
287,Analytics Listing 0 2024-12-21,38.00,kg,COMMERCIAL,17.00,2024-12-28 00:00:00+00:00,2024-12-21 00:00:00+00:00,ACTIVE,1.00,False,Dublin,7.0,False,False,True,True
288,Analytics Listing 1 2024-12-21,43.00,kg,COMMERCIAL,43.00,2024-12-28 00:00:00+00:00,2024-12-21 00:00:00+00:00,ACTIVE,1.00,False,Dublin,7.0,False,False,True,True
289,Analytics Listing 0 2024-12-20,60.00,kg,COMMERCIAL,28.00,2024-12-27 00:00:00+00:00,2024-12-20 00:00:00+00:00,ACTIVE,1.00,False,Dublin,7.0,False,False,True,True
290,Analytics Listing 1 2024-12-20,53.00,kg,COMMERCIAL,48.00,2024-12-27 00:00:00+00:00,2024-12-20 00:00:00+00:00,ACTIVE,1.00,False,Dublin,7.0,False,False,True,True
292,Analytics Listing 1 2024-12-19,81.00,kg,COMMERCIAL,23.00,2024-12-26 00:00:00+00:00,2024-12-19 00:00:00+00:00,ACTIVE,1.00,False,Dublin,7.0,False,False,True,True
291,Analytics Listing 0 2024-12-19,83.00,kg,COMMERCIAL,12.00,2024-12-26 00:00:00+00:00,2024-12-19 00:00:00+00:00,ACTIVE,1.00,False,Dublin,7.0,False,False,True,True
293,Analytics Listing 0 2024-12-18,16.00,kg,COMMERCIAL,15.00,2024-12-25 00:00:00+00:00,2024-12-18 00:00:00+00:00,ACTIVE,1.00,False,Dublin,7.0,False,False,True,True
294,Analytics Listing 1 2024-12-18,73.00,kg,COMMERCIAL,12.00,2024-12-25 00:00:00+00:00,2024-12-18 00:00:00+00:00,ACTIVE,1.00,False,Dublin,7.0,False,False,True,True
296,Analytics Listing 1 2024-12-17,69.00,kg,COMMERCIAL,28.00,2024-12-24 00:00:00+00:00,2024-12-17 00:00:00+00:00,ACTIVE,1.00,False,Dublin,7.0,False,False,True,True
295,Analytics Listing 0 2024-12-17,59.00,kg,COMMERCIAL,26.00,2024-12-24 00:00:00+00:00,2024-12-17 00:00:00+00:00,ACTIVE,1.00,False,Dublin,7.0,False,False,True,True
298,Analytics Listing 1 2024-12-16,38.00,kg,COMMERCIAL,32.00,2024-12-23 00:00:00+00:00,2024-12-16 00:00:00+00:00,ACTIVE,1.00,False,Dublin,7.0,False,False,True,True
297,Analytics Listing 0 2024-12-16,73.00,kg,COMMERCIAL,48.00,2024-12-23 00:00:00+00:00,2024-12-16 00:00:00+00:00,ACTIVE,1.00,False,Dublin,7.0,False,False,True,True
299,Analytics Listing 0 2024-12-15,85.00,kg,COMMERCIAL,23.00,2024-12-22 00:00:00+00:00,2024-12-15 00:00:00+00:00,ACTIVE,1.00,False,Dublin,7.0,False,False,True,True
300,Analytics Listing 1 2024-12-15,56.00,kg,COMMERCIAL,12.00,2024-12-22 00:00:00+00:00,2024-12-15 00:00:00+00:00,ACTIVE,1.00,False,Dublin,7.0,False,False,True,True
3,Dairy Products Package,95.00,portions,DONATION,,2025-01-17 12:08:05.305101+00:00,2024-12-14 06:00:41.305101+00:00,EXPIRED,5.00,False,Limerick,34.25513888888889,True,True,False,True
301,Analytics Listing 0 2024-12-14,85.00,kg,COMMERCIAL,12.00,2024-12-21 00:00:00+00:00,2024-12-14 00:00:00+00:00,ACTIVE,1.00,False,Dublin,7.0,False,False,True,True
302,Analytics Listing 1 2024-12-14,66.00,kg,COMMERCIAL,39.00,2024-12-21 00:00:00+00:00,2024-12-14 00:00:00+00:00,ACTIVE,1.00,False,Dublin,7.0,False,False,True,True
4,Bulk Food Items,95.00,pallets,DONATION,,2025-02-06 12:08:05.306101+00:00,2024-12-13 05:37:59.306101+00:00,EXPIRED,3.00,False,Galway,55.27090277777778,True,True,False,True
304,Analytics Listing 1 2024-12-13,68.00,kg,COMMERCIAL,21.00,2024-12-20 00:00:00+00:00,2024-12-13 00:00:00+00:00,ACTIVE,1.00,False,Dublin,7.0,False,False,True,True
303,Analytics Listing 0 2024-12-13,65.00,kg,COMMERCIAL,43.00,2024-12-20 00:00:00+00:00,2024-12-13 00:00:00+00:00,ACTIVE,1.00,False,Dublin,7.0,False,False,True,True
306,Analytics Listing 1 2024-12-12,19.00,kg,COMMERCIAL,11.00,2024-12-19 00:00:00+00:00,2024-12-12 00:00:00+00:00,ACTIVE,1.00,False,Dublin,7.0,False,False,True,True
305,Analytics Listing 0 2024-12-12,82.00,kg,COMMERCIAL,46.00,2024-12-19 00:00:00+00:00,2024-12-12 00:00:00+00:00,ACTIVE,1.00,False,Dublin,7.0,False,False,True,True
307,Analytics Listing 0 2024-12-11,76.00,kg,COMMERCIAL,19.00,2024-12-18 00:00:00+00:00,2024-12-11 00:00:00+00:00,ACTIVE,1.00,False,Dublin,7.0,False,False,True,True
308,Analytics Listing 1 2024-12-11,41.00,kg,COMMERCIAL,39.00,2024-12-18 00:00:00+00:00,2024-12-11 00:00:00+00:00,ACTIVE,1.00,False,Dublin,7.0,False,False,True,True
309,Analytics Listing 0 2024-12-10,25.00,kg,COMMERCIAL,23.00,2024-12-17 00:00:00+00:00,2024-12-10 00:00:00+00:00,ACTIVE,1.00,False,Dublin,7.0,False,False,True,True
310,Analytics Listing 1 2024-12-10,98.00,kg,COMMERCIAL,40.00,2024-12-17 00:00:00+00:00,2024-12-10 00:00:00+00:00,ACTIVE,1.00,False,Dublin,7.0,False,False,True,True
311,Analytics Listing 0 2024-12-09,83.00,kg,COMMERCIAL,18.00,2024-12-16 00:00:00+00:00,2024-12-09 00:00:00+00:00,ACTIVE,1.00,False,Dublin,7.0,False,False,True,True
312,Analytics Listing 1 2024-12-09,67.00,kg,COMMERCIAL,22.00,2024-12-16 00:00:00+00:00,2024-12-09 00:00:00+00:00,ACTIVE,1.00,False,Dublin,7.0,False,False,True,True
314,Analytics Listing 1 2024-12-08,54.00,kg,COMMERCIAL,19.00,2024-12-15 00:00:00+00:00,2024-12-08 00:00:00+00:00,ACTIVE,1.00,False,Dublin,7.0,False,False,True,True
313,Analytics Listing 0 2024-12-08,62.00,kg,COMMERCIAL,15.00,2024-12-15 00:00:00+00:00,2024-12-08 00:00:00+00:00,ACTIVE,1.00,False,Dublin,7.0,False,False,True,True
315,Analytics Listing 0 2024-12-07,89.00,kg,COMMERCIAL,21.00,2024-12-14 00:00:00+00:00,2024-12-07 00:00:00+00:00,ACTIVE,1.00,False,Dublin,7.0,False,False,True,True
316,Analytics Listing 1 2024-12-07,21.00,kg,COMMERCIAL,41.00,2024-12-14 00:00:00+00:00,2024-12-07 00:00:00+00:00,ACTIVE,1.00,False,Dublin,7.0,False,False,True,True
317,Analytics Listing 0 2024-12-06,45.00,kg,COMMERCIAL,28.00,2024-12-13 00:00:00+00:00,2024-12-06 00:00:00+00:00,ACTIVE,1.00,False,Dublin,7.0,False,False,True,True
318,Analytics Listing 1 2024-12-06,36.00,kg,COMMERCIAL,40.00,2024-12-13 00:00:00+00:00,2024-12-06 00:00:00+00:00,ACTIVE,1.00,False,Dublin,7.0,False,False,True,True
319,Analytics Listing 0 2024-12-05,36.00,kg,COMMERCIAL,48.00,2024-12-12 00:00:00+00:00,2024-12-05 00:00:00+00:00,ACTIVE,1.00,False,Dublin,7.0,False,False,True,True
320,Analytics Listing 1 2024-12-05,53.00,kg,COMMERCIAL,11.00,2024-12-12 00:00:00+00:00,2024-12-05 00:00:00+00:00,ACTIVE,1.00,False,Dublin,7.0,False,False,True,True
321,Analytics Listing 0 2024-12-04,50.00,kg,COMMERCIAL,44.00,2024-12-11 00:00:00+00:00,2024-12-04 00:00:00+00:00,ACTIVE,1.00,False,Dublin,7.0,False,False,True,True
322,Analytics Listing 1 2024-12-04,75.00,kg,COMMERCIAL,38.00,2024-12-11 00:00:00+00:00,2024-12-04 00:00:00+00:00,ACTIVE,1.00,False,Dublin,7.0,False,False,True,True
323,Analytics Listing 0 2024-12-03,67.00,kg,COMMERCIAL,32.00,2024-12-10 00:00:00+00:00,2024-12-03 00:00:00+00:00,ACTIVE,1.00,False,Dublin,7.0,False,False,True,True
324,Analytics Listing 1 2024-12-03,15.00,kg,COMMERCIAL,38.00,2024-12-10 00:00:00+00:00,2024-12-03 00:00:00+00:00,ACTIVE,1.00,False,Dublin,7.0,False,False,True,True
326,Analytics Listing 1 2024-12-02,50.00,kg,COMMERCIAL,41.00,2024-12-09 00:00:00+00:00,2024-12-02 00:00:00+00:00,ACTIVE,1.00,False,Dublin,7.0,False,False,True,True
325,Analytics Listing 0 2024-12-02,60.00,kg,COMMERCIAL,41.00,2024-12-09 00:00:00+00:00,2024-12-02 00:00:00+00:00,ACTIVE,1.00,False,Dublin,7.0,False,False,True,True
328,Analytics Listing 1 2024-12-01,83.00,kg,COMMERCIAL,28.00,2024-12-08 00:00:00+00:00,2024-12-01 00:00:00+00:00,ACTIVE,1.00,False,Dublin,7.0,False,False,True,True
327,Analytics Listing 0 2024-12-01,39.00,kg,COMMERCIAL,19.00,2024-12-08 00:00:00+00:00,2024-12-01 00:00:00+00:00,ACTIVE,1.00,False,Dublin,7.0,False,False,True,True
329,Analytics Listing 0 2024-11-30,46.00,kg,COMMERCIAL,45.00,2024-12-07 00:00:00+00:00,2024-11-30 00:00:00+00:00,ACTIVE,1.00,False,Dublin,7.0,False,False,True,True
330,Analytics Listing 1 2024-11-30,90.00,kg,COMMERCIAL,35.00,2024-12-07 00:00:00+00:00,2024-11-30 00:00:00+00:00,ACTIVE,1.00,False,Dublin,7.0,False,False,True,True
22,Fresh Produce Bundle,25.00,packages,DONATION,,2024-11-23 12:08:05.322360+00:00,2024-11-29 17:12:36.322360+00:00,EXPIRED,3.00,False,Waterford,-6.211469907407407,True,True,False,True
332,Analytics Listing 1 2024-11-29,67.00,kg,COMMERCIAL,50.00,2024-12-06 00:00:00+00:00,2024-11-29 00:00:00+00:00,ACTIVE,1.00,False,Dublin,7.0,False,False,True,True
331,Analytics Listing 0 2024-11-29,90.00,kg,COMMERCIAL,40.00,2024-12-06 00:00:00+00:00,2024-11-29 00:00:00+00:00,ACTIVE,1.00,False,Dublin,7.0,False,False,True,True
334,Analytics Listing 1 2024-11-28,80.00,kg,COMMERCIAL,50.00,2024-12-05 00:00:00+00:00,2024-11-28 00:00:00+00:00,ACTIVE,1.00,False,Dublin,7.0,False,False,True,True
333,Analytics Listing 0 2024-11-28,80.00,kg,COMMERCIAL,43.00,2024-12-05 00:00:00+00:00,2024-11-28 00:00:00+00:00,ACTIVE,1.00,False,Dublin,7.0,False,False,True,True
336,Analytics Listing 1 2024-11-27,14.00,kg,COMMERCIAL,50.00,2024-12-04 00:00:00+00:00,2024-11-27 00:00:00+00:00,ACTIVE,1.00,False,Dublin,7.0,False,False,True,True
335,Analytics Listing 0 2024-11-27,89.00,kg,COMMERCIAL,25.00,2024-12-04 00:00:00+00:00,2024-11-27 00:00:00+00:00,ACTIVE,1.00,False,Dublin,7.0,False,False,True,True
338,Analytics Listing 1 2024-11-26,76.00,kg,COMMERCIAL,37.00,2024-12-03 00:00:00+00:00,2024-11-26 00:00:00+00:00,ACTIVE,1.00,False,Dublin,7.0,False,False,True,True
337,Analytics Listing 0 2024-11-26,16.00,kg,COMMERCIAL,22.00,2024-12-03 00:00:00+00:00,2024-11-26 00:00:00+00:00,ACTIVE,1.00,False,Dublin,7.0,False,False,True,True
340,Analytics Listing 1 2024-11-25,86.00,kg,COMMERCIAL,35.00,2024-12-02 00:00:00+00:00,2024-11-25 00:00:00+00:00,ACTIVE,1.00,False,Dublin,7.0,False,False,True,True
339,Analytics Listing 0 2024-11-25,43.00,kg,COMMERCIAL,24.00,2024-12-02 00:00:00+00:00,2024-11-25 00:00:00+00:00,ACTIVE,1.00,False,Dublin,7.0,False,False,True,True
342,Analytics Listing 1 2024-11-24,23.00,kg,COMMERCIAL,21.00,2024-12-01 00:00:00+00:00,2024-11-24 00:00:00+00:00,ACTIVE,1.00,False,Dublin,7.0,False,False,True,True
341,Analytics Listing 0 2024-11-24,67.00,kg,COMMERCIAL,21.00,2024-12-01 00:00:00+00:00,2024-11-24 00:00:00+00:00,ACTIVE,1.00,False,Dublin,7.0,False,False,True,True
343,Analytics Listing 0 2024-11-23,13.00,kg,COMMERCIAL,38.00,2024-11-30 00:00:00+00:00,2024-11-23 00:00:00+00:00,ACTIVE,1.00,False,Dublin,7.0,False,False,True,True
344,Analytics Listing 1 2024-11-23,35.00,kg,COMMERCIAL,24.00,2024-11-30 00:00:00+00:00,2024-11-23 00:00:00+00:00,ACTIVE,1.00,False,Dublin,7.0,False,False,True,True
345,Analytics Listing 0 2024-11-22,86.00,kg,COMMERCIAL,49.00,2024-11-29 00:00:00+00:00,2024-11-22 00:00:00+00:00,ACTIVE,1.00,False,Dublin,7.0,False,False,True,True
346,Analytics Listing 1 2024-11-22,43.00,kg,COMMERCIAL,48.00,2024-11-29 00:00:00+00:00,2024-11-22 00:00:00+00:00,ACTIVE,1.00,False,Dublin,7.0,False,False,True,True
17,Bulk Food Items,65.00,pallets,DONATION,,2025-04-11 12:08:05.317970+00:00,2024-11-21 18:29:34.317970+00:00,EXPIRED,4.00,False,Limerick,140.7350810185185,True,True,False,True
348,Analytics Listing 1 2024-11-21,24.00,kg,COMMERCIAL,35.00,2024-11-28 00:00:00+00:00,2024-11-21 00:00:00+00:00,ACTIVE,1.00,False,Dublin,7.0,False,False,True,True
347,Analytics Listing 0 2024-11-21,69.00,kg,COMMERCIAL,42.00,2024-11-28 00:00:00+00:00,2024-11-21 00:00:00+00:00,ACTIVE,1.00,False,Dublin,7.0,False,False,True,True
349,Analytics Listing 0 2024-11-20,47.00,kg,COMMERCIAL,10.00,2024-11-27 00:00:00+00:00,2024-11-20 00:00:00+00:00,ACTIVE,1.00,False,Dublin,7.0,False,False,True,True
350,Analytics Listing 1 2024-11-20,44.00,kg,COMMERCIAL,28.00,2024-11-27 00:00:00+00:00,2024-11-20 00:00:00+00:00,ACTIVE,1.00,False,Dublin,7.0,False,False,True,True
351,Analytics Listing 0 2024-11-19,30.00,kg,COMMERCIAL,24.00,2024-11-26 00:00:00+00:00,2024-11-19 00:00:00+00:00,ACTIVE,1.00,False,Dublin,7.0,False,False,True,True
352,Analytics Listing 1 2024-11-19,89.00,kg,COMMERCIAL,30.00,2024-11-26 00:00:00+00:00,2024-11-19 00:00:00+00:00,ACTIVE,1.00,False,Dublin,7.0,False,False,True,True
354,Analytics Listing 1 2024-11-18,91.00,kg,COMMERCIAL,30.00,2024-11-25 00:00:00+00:00,2024-11-18 00:00:00+00:00,ACTIVE,1.00,False,Dublin,7.0,False,False,True,True
353,Analytics Listing 0 2024-11-18,47.00,kg,COMMERCIAL,36.00,2024-11-25 00:00:00+00:00,2024-11-18 00:00:00+00:00,ACTIVE,1.00,False,Dublin,7.0,False,False,True,True
355,Analytics Listing 0 2024-11-17,17.00,kg,COMMERCIAL,12.00,2024-11-24 00:00:00+00:00,2024-11-17 00:00:00+00:00,ACTIVE,1.00,False,Dublin,7.0,False,False,True,True
356,Analytics Listing 1 2024-11-17,35.00,kg,COMMERCIAL,17.00,2024-11-24 00:00:00+00:00,2024-11-17 00:00:00+00:00,ACTIVE,1.00,False,Dublin,7.0,False,False,True,True
357,Analytics Listing 0 2024-11-16,54.00,kg,COMMERCIAL,36.00,2024-11-23 00:00:00+00:00,2024-11-16 00:00:00+00:00,ACTIVE,1.00,False,Dublin,7.0,False,False,True,True
358,Analytics Listing 1 2024-11-16,84.00,kg,COMMERCIAL,43.00,2024-11-23 00:00:00+00:00,2024-11-16 00:00:00+00:00,ACTIVE,1.00,False,Dublin,7.0,False,False,True,True
359,Analytics Listing 0 2024-11-15,23.00,kg,COMMERCIAL,29.00,2024-11-22 00:00:00+00:00,2024-11-15 00:00:00+00:00,ACTIVE,1.00,False,Dublin,7.0,False,False,True,True
360,Analytics Listing 1 2024-11-15,73.00,kg,COMMERCIAL,27.00,2024-11-22 00:00:00+00:00,2024-11-15 00:00:00+00:00,ACTIVE,1.00,False,Dublin,7.0,False,False,True,True
361,Analytics Listing 0 2024-11-14,66.00,kg,COMMERCIAL,22.00,2024-11-21 00:00:00+00:00,2024-11-14 00:00:00+00:00,ACTIVE,1.00,False,Dublin,7.0,False,False,True,True
362,Analytics Listing 1 2024-11-14,65.00,kg,COMMERCIAL,16.00,2024-11-21 00:00:00+00:00,2024-11-14 00:00:00+00:00,ACTIVE,1.00,False,Dublin,7.0,False,False,True,True
364,Analytics Listing 1 2024-11-13,30.00,kg,COMMERCIAL,25.00,2024-11-20 00:00:00+00:00,2024-11-13 00:00:00+00:00,ACTIVE,1.00,False,Dublin,7.0,False,False,True,True
363,Analytics Listing 0 2024-11-13,78.00,kg,COMMERCIAL,13.00,2024-11-20 00:00:00+00:00,2024-11-13 00:00:00+00:00,ACTIVE,1.00,False,Dublin,7.0,False,False,True,True
366,Analytics Listing 1 2024-11-12,27.00,kg,COMMERCIAL,22.00,2024-11-19 00:00:00+00:00,2024-11-12 00:00:00+00:00,ACTIVE,1.00,False,Dublin,7.0,False,False,True,True
365,Analytics Listing 0 2024-11-12,21.00,kg,COMMERCIAL,10.00,2024-11-19 00:00:00+00:00,2024-11-12 00:00:00+00:00,ACTIVE,1.00,False,Dublin,7.0,False,False,True,True
14,Guaranteed Active Listing,19.00,boxes,COMMERCIAL,36.00,2025-05-15 12:08:05.315971+00:00,2024-11-11 22:43:35.315971+00:00,ACTIVE,4.00,False,Waterford,184.55868055555555,False,False,True,True
1,Guaranteed Active Listing,70.00,portions,COMMERCIAL,49.00,2025-05-10 12:08:05.298256+00:00,2024-11-11 04:33:01.298256+00:00,ACTIVE,1.00,False,Waterford,180.31601851851852,False,False,True,True
368,Analytics Listing 1 2024-11-11,26.00,kg,COMMERCIAL,43.00,2024-11-18 00:00:00+00:00,2024-11-11 00:00:00+00:00,ACTIVE,1.00,False,Dublin,7.0,False,False,True,True
367,Analytics Listing 0 2024-11-11,75.00,kg,COMMERCIAL,27.00,2024-11-18 00:00:00+00:00,2024-11-11 00:00:00+00:00,ACTIVE,1.00,False,Dublin,7.0,False,False,True,True
369,Analytics Listing 0 2024-11-10,77.00,kg,COMMERCIAL,21.00,2024-11-17 00:00:00+00:00,2024-11-10 00:00:00+00:00,ACTIVE,1.00,False,Dublin,7.0,False,False,True,True
370,Analytics Listing 1 2024-11-10,36.00,kg,COMMERCIAL,40.00,2024-11-17 00:00:00+00:00,2024-11-10 00:00:00+00:00,ACTIVE,1.00,False,Dublin,7.0,False,False,True,True
9,Fresh Produce Bundle,62.00,pallets,COMMERCIAL,22.00,2025-01-26 12:08:05.310873+00:00,2024-11-09 06:23:50.310873+00:00,EXPIRED,1.00,False,Galway,78.2390625,True,False,True,True
371,Analytics Listing 0 2024-11-09,12.00,kg,COMMERCIAL,28.00,2024-11-16 00:00:00+00:00,2024-11-09 00:00:00+00:00,ACTIVE,1.00,False,Dublin,7.0,False,False,True,True
372,Analytics Listing 1 2024-11-09,61.00,kg,COMMERCIAL,13.00,2024-11-16 00:00:00+00:00,2024-11-09 00:00:00+00:00,ACTIVE,1.00,False,Dublin,7.0,False,False,True,True
373,Analytics Listing 0 2024-11-08,15.00,kg,COMMERCIAL,22.00,2024-11-15 00:00:00+00:00,2024-11-08 00:00:00+00:00,ACTIVE,1.00,False,Dublin,7.0,False,False,True,True
374,Analytics Listing 1 2024-11-08,88.00,kg,COMMERCIAL,28.00,2024-11-15 00:00:00+00:00,2024-11-08 00:00:00+00:00,ACTIVE,1.00,False,Dublin,7.0,False,False,True,True
375,Analytics Listing 0 2024-11-07,40.00,kg,COMMERCIAL,49.00,2024-11-14 00:00:00+00:00,2024-11-07 00:00:00+00:00,ACTIVE,1.00,False,Dublin,7.0,False,False,True,True
376,Analytics Listing 1 2024-11-07,62.00,kg,COMMERCIAL,17.00,2024-11-14 00:00:00+00:00,2024-11-07 00:00:00+00:00,ACTIVE,1.00,False,Dublin,7.0,False,False,True,True
26,Grocery Store Excess,55.00,packages,COMMERCIAL,41.00,2025-05-06 12:08:05.326866+00:00,2024-11-06 13:27:21.326866+00:00,ACTIVE,1.00,False,Limerick,180.9449537037037,False,False,True,True
377,Analytics Listing 0 2024-11-06,55.00,kg,COMMERCIAL,33.00,2024-11-13 00:00:00+00:00,2024-11-06 00:00:00+00:00,ACTIVE,1.00,False,Dublin,7.0,False,False,True,True
378,Analytics Listing 1 2024-11-06,21.00,kg,COMMERCIAL,20.00,2024-11-13 00:00:00+00:00,2024-11-06 00:00:00+00:00,ACTIVE,1.00,False,Dublin,7.0,False,False,True,True
379,Analytics Listing 0 2024-11-05,41.00,kg,COMMERCIAL,33.00,2024-11-12 00:00:00+00:00,2024-11-05 00:00:00+00:00,ACTIVE,1.00,False,Dublin,7.0,False,False,True,True
380,Analytics Listing 1 2024-11-05,61.00,kg,COMMERCIAL,40.00,2024-11-12 00:00:00+00:00,2024-11-05 00:00:00+00:00,ACTIVE,1.00,False,Dublin,7.0,False,False,True,True
381,Analytics Listing 0 2024-11-04,39.00,kg,COMMERCIAL,44.00,2024-11-11 00:00:00+00:00,2024-11-04 00:00:00+00:00,ACTIVE,1.00,False,Dublin,7.0,False,False,True,True
382,Analytics Listing 1 2024-11-04,89.00,kg,COMMERCIAL,30.00,2024-11-11 00:00:00+00:00,2024-11-04 00:00:00+00:00,ACTIVE,1.00,False,Dublin,7.0,False,False,True,True
383,Analytics Listing 0 2024-11-03,91.00,kg,COMMERCIAL,18.00,2024-11-10 00:00:00+00:00,2024-11-03 00:00:00+00:00,ACTIVE,1.00,False,Dublin,7.0,False,False,True,True
384,Analytics Listing 1 2024-11-03,62.00,kg,COMMERCIAL,29.00,2024-11-10 00:00:00+00:00,2024-11-03 00:00:00+00:00,ACTIVE,1.00,False,Dublin,7.0,False,False,True,True
385,Analytics Listing 0 2024-11-02,39.00,kg,COMMERCIAL,26.00,2024-11-09 00:00:00+00:00,2024-11-02 00:00:00+00:00,ACTIVE,1.00,False,Dublin,7.0,False,False,True,True
386,Analytics Listing 1 2024-11-02,75.00,kg,COMMERCIAL,46.00,2024-11-09 00:00:00+00:00,2024-11-02 00:00:00+00:00,ACTIVE,1.00,False,Dublin,7.0,False,False,True,True
387,Analytics Listing 0 2024-11-01,21.00,kg,COMMERCIAL,50.00,2024-11-08 00:00:00+00:00,2024-11-01 00:00:00+00:00,ACTIVE,1.00,False,Dublin,7.0,False,False,True,True
388,Analytics Listing 1 2024-11-01,49.00,kg,COMMERCIAL,21.00,2024-11-08 00:00:00+00:00,2024-11-01 00:00:00+00:00,ACTIVE,1.00,False,Dublin,7.0,False,False,True,True
